{"30": {"id": 30, "region_id": 104, "name": "T\u1ec9nh H\u1ea3i D\u01b0\u01a1ng", "right": 106.611366271973, "left": 106.124397277832, "top": 21.2369861602783, "bottom": 20.6842842102051}, "37": {"id": 37, "region_id": 104, "name": "T\u1ec9nh Ninh B\u00ecnh", "right": 106.16870880127, "left": 105.542709350586, "top": 20.4540576934814, "bottom": 19.9064826965332}, "60": {"id": 60, "region_id": 101, "name": "T\u1ec9nh B\u00ecnh Thu\u1eadn", "right": 108.969017028809, "left": 107.394462585449, "top": 11.5557565689087, "bottom": 10.4840612411499}, "82": {"id": 82, "region_id": 100, "name": "T\u1ec9nh Ti\u1ec1n Giang", "right": 106.826820373535, "left": 105.815734863281, "top": 10.5869817733765, "bottom": 10.1909656524658}, "62": {"id": 62, "region_id": 103, "name": "T\u1ec9nh Kon Tum", "right": 108.547561645508, "left": 107.332824707031, "top": 15.4174633026123, "bottom": 13.9215297698975}, "89": {"id": 89, "region_id": 100, "name": "T\u1ec9nh An Giang", "right": 105.575271606445, "left": 104.778411865234, "top": 10.9621200561523, "bottom": 10.1835508346558}, "64": {"id": 64, "region_id": 103, "name": "T\u1ec9nh Gia Lai", "right": 108.873123168945, "left": 107.450531005859, "top": 14.60240650177, "bottom": 12.9964332580566}, "66": {"id": 66, "region_id": 103, "name": "T\u1ec9nh \u0110\u1eafk L\u1eafk", "right": 108.995407104492, "left": 107.484230041504, "top": 13.4165859222412, "bottom": 12.1605854034424}, "67": {"id": 67, "region_id": 103, "name": "T\u1ec9nh \u0110\u1eafk N\u00f4ng", "right": 108.116394042969, "left": 107.206329345703, "top": 12.8123054504395, "bottom": 11.748927116394}, "68": {"id": 68, "region_id": 101, "name": "T\u1ec9nh L\u00e2m \u0110\u1ed3ng", "right": 108.729125976563, "left": 107.265693664551, "top": 12.3180131912231, "bottom": 11.2151212692261}, "83": {"id": 83, "region_id": 100, "name": "T\u1ec9nh B\u1ebfn Tre", "right": 106.790390014648, "left": 106.028144836426, "top": 10.3405485153198, "bottom": 9.78882598876953}, "80": {"id": 80, "region_id": 100, "name": "T\u1ec9nh Long An", "right": 106.748825073242, "left": 105.49934387207, "top": 11.0321788787842, "bottom": 10.3946475982666}, "34": {"id": 34, "region_id": 104, "name": "T\u1ec9nh Th\u00e1i B\u00ecnh", "right": 106.656623840332, "left": 106.102783203125, "top": 20.7291450500488, "bottom": 20.2402954101563}, "86": {"id": 86, "region_id": 100, "name": "T\u1ec9nh V\u0129nh Long", "right": 106.289703369141, "left": 105.682312011719, "top": 10.3313245773315, "bottom": 9.88384914398193}, "87": {"id": 87, "region_id": 100, "name": "T\u1ec9nh \u0110\u1ed3ng Th\u00e1p", "right": 105.941925048828, "left": 105.185180664063, "top": 10.9733848571777, "bottom": 10.1345024108887}, "84": {"id": 84, "region_id": 100, "name": "T\u1ec9nh Tr\u00e0 Vinh", "right": 106.612434387207, "left": 105.952522277832, "top": 10.0811195373535, "bottom": 9.52911376953125}, "24": {"id": 24, "region_id": 105, "name": "T\u1ec9nh B\u1eafc Giang", "right": 107.033676147461, "left": 105.880638122559, "top": 21.6262741088867, "bottom": 21.1215705871582}, "25": {"id": 25, "region_id": 105, "name": "T\u1ec9nh Ph\u00fa Th\u1ecd", "right": 105.457077026367, "left": 104.81364440918, "top": 21.7197704315186, "bottom": 20.916524887085}, "26": {"id": 26, "region_id": 105, "name": "T\u1ec9nh V\u0129nh Ph\u00fac", "right": 105.786247253418, "left": 105.322471618652, "top": 21.5738410949707, "bottom": 21.1541690826416}, "27": {"id": 27, "region_id": 105, "name": "T\u1ec9nh B\u1eafc Ninh", "right": 106.31063079834, "left": 105.902488708496, "top": 21.2643070220947, "bottom": 20.9691028594971}, "20": {"id": 20, "region_id": 105, "name": "T\u1ec9nh L\u1ea1ng S\u01a1n", "right": 107.364128112793, "left": 106.094955444336, "top": 22.4614734649658, "bottom": 21.3250999450684}, "22": {"id": 22, "region_id": 104, "name": "T\u1ec9nh Qu\u1ea3ng Ninh", "right": 108.068870544434, "left": 106.439002990723, "top": 21.664945602417, "bottom": 20.7165927886963}, "49": {"id": 49, "region_id": 103, "name": "T\u1ec9nh Qu\u1ea3ng Nam", "right": 108.738960266113, "left": 107.210479736328, "top": 16.0676517486572, "bottom": 14.9513664245605}, "46": {"id": 46, "region_id": 103, "name": "T\u1ec9nh Th\u1eeba Thi\u00ean Hu\u1ebf", "right": 108.194488525391, "left": 107.016052246094, "top": 16.743185043335, "bottom": 15.9948749542236}, "44": {"id": 44, "region_id": 104, "name": "T\u1ec9nh Qu\u1ea3ng B\u00ecnh", "right": 106.991226196289, "left": 105.612701416016, "top": 18.0895709991455, "bottom": 16.9213752746582}, "45": {"id": 45, "region_id": 104, "name": "T\u1ec9nh Qu\u1ea3ng Tr\u1ecb", "right": 107.388954162598, "left": 106.515899658203, "top": 17.1664485931396, "bottom": 16.3023738861084}, "42": {"id": 42, "region_id": 104, "name": "T\u1ec9nh H\u00e0 T\u0129nh", "right": 106.511047363281, "left": 105.103874206543, "top": 18.8055686950684, "bottom": 17.9103946685791}, "40": {"id": 40, "region_id": 104, "name": "T\u1ec9nh Ngh\u1ec7 An", "right": 105.806541442871, "left": 103.874626159668, "top": 19.996021270752, "bottom": 18.5524196624756}, "1": {"id": 1, "region_id": 105, "name": "Th\u00e0nh ph\u1ed1 H\u00e0 N\u1ed9i", "right": 106.020057678223, "left": 105.288131713867, "top": 21.3851795196533, "bottom": 20.564474105835}, "2": {"id": 2, "region_id": 105, "name": "T\u1ec9nh H\u00e0 Giang", "right": 105.574081420898, "left": 104.334342956543, "top": 23.3926582336426, "bottom": 22.165678024292}, "4": {"id": 4, "region_id": 105, "name": "T\u1ec9nh Cao B\u1eb1ng", "right": 106.837699890137, "left": 105.26628112793, "top": 23.1196174621582, "bottom": 22.3566131591797}, "6": {"id": 6, "region_id": 105, "name": "T\u1ec9nh B\u1eafc K\u1ea1n", "right": 106.247039794922, "left": 105.431144714355, "top": 22.7415256500244, "bottom": 21.8044490814209}, "8": {"id": 8, "region_id": 105, "name": "T\u1ec9nh Tuy\u00ean Quang", "right": 105.598686218262, "left": 104.848602294922, "top": 22.6977844238281, "bottom": 21.4975891113281}, "77": {"id": 77, "region_id": 101, "name": "T\u1ec9nh B\u00e0 R\u1ecba - V\u0169ng T\u00e0u", "right": 107.57137298584, "left": 106.536354064941, "top": 10.8045425415039, "bottom": 8.62813186645508}, "75": {"id": 75, "region_id": 101, "name": "T\u1ec9nh \u0110\u1ed3ng Nai", "right": 107.577133178711, "left": 106.750114440918, "top": 11.582049369812, "bottom": 10.5796642303467}, "12": {"id": 12, "region_id": 105, "name": "T\u1ec9nh Lai Ch\u00e2u", "right": 103.985015869141, "left": 102.321105957031, "top": 22.81130027771, "bottom": 21.6856155395508}, "72": {"id": 72, "region_id": 101, "name": "T\u1ec9nh T\u00e2y Ninh", "right": 106.490715026855, "left": 105.808448791504, "top": 11.7790222167969, "bottom": 10.9627370834351}, "70": {"id": 70, "region_id": 101, "name": "T\u1ec9nh B\u00ecnh Ph\u01b0\u1edbc", "right": 107.427421569824, "left": 106.411499023438, "top": 12.298394203186, "bottom": 11.3016653060913}, "91": {"id": 91, "region_id": 100, "name": "T\u1ec9nh Ki\u00ean Giang", "right": 105.539573669434, "left": 103.458511352539, "top": 10.5405101776123, "bottom": 9.2544641494751}, "103": {"id": 103, "region_id": 101, "name": "T\u1ec9nh Long An"}, "93": {"id": 93, "region_id": 100, "name": "T\u1ec9nh H\u1eadu Giang", "right": 105.898208618164, "left": 105.327590942383, "top": 9.99416637420654, "bottom": 9.58213233947754}, "92": {"id": 92, "region_id": 100, "name": "Th\u00e0nh ph\u1ed1 C\u1ea7n Th\u01a1", "right": 105.844337463379, "left": 105.22566986084, "top": 10.3253488540649, "bottom": 9.91928672790527}, "95": {"id": 95, "region_id": 100, "name": "T\u1ec9nh B\u1ea1c Li\u00eau", "right": 105.860496520996, "left": 105.232574462891, "top": 9.63760852813721, "bottom": 9.01716995239258}, "94": {"id": 94, "region_id": 100, "name": "T\u1ec9nh S\u00f3c Tr\u0103ng", "right": 106.299751281738, "left": 105.544044494629, "top": 9.93746471405029, "bottom": 9.24491024017334}, "79": {"id": 79, "region_id": 101, "name": "Th\u00e0nh ph\u1ed1 H\u1ed3 Ch\u00ed Minh", "right": 107.012794494629, "left": 106.356422424316, "top": 11.1602697372437,